{"cameraMode":{"drawMode":0,"name":"Shaded","section":"Shading Mode"},"sceneLighting":true,"audioPlay":false,"sceneViewState":{"showFog":true,"showMaterialUpdate":false,"showSkybox":true,"showFlares":true,"showImageEffects":true,"showParticleSystems":true},"in2DMode":false,"pivot":{"x":0.11549115180969238,"y":-0.6587749719619751,"z":1.7923554182052613},"rotation":{"x":0.11005061119794846,"y":-0.29499098658561709,"z":0.034216344356536868,"w":0.9485687613487244},"size":0.6595950126647949,"orthographic":false}